<application>
  <component name="UISettings">
    <option name="EDITOR_TAB_LIMIT" value="100" />
    <option name="FONT_FACE" value="Consolas" />
    <option name="FONT_SCALE" value="1.0" />
    <option name="FONT_SIZE" value="11" />
    <option name="HIDE_TOOL_STRIPES" value="true" />
    <option name="OVERRIDE_NONIDEA_LAF_FONTS" value="true" />
    <option name="SHOW_EDITOR_TOOLTIP" value="false" />
    <option name="SHOW_MAIN_TOOLBAR" value="true" />
    <option name="SHOW_NAVIGATION_BAR" value="false" />
    <option name="SHOW_STATUS_BAR" value="false" />
  </component>
</application>