<keymap version="1" name="Default copy" parent="$default">
  <action id="Arrangement.Alias.Rule.Match.Condition.Move.Up" />
  <action id="Arrangement.Rule.Match.Condition.Move.Down" />
  <action id="Arrangement.Rule.Match.Condition.Move.Up" />
  <action id="Back">
    <keyboard-shortcut first-keystroke="alt left" />
  </action>
  <action id="ChangesView.GroupBy.Directory" />
  <action id="ChoosePrevSubsequentPropertyValueEditorAction" />
  <action id="Diff.NextChange" />
  <action id="Diff.PrevChange" />
  <action id="FileChooser.TogglePathShowing" />
  <action id="FindUsages">
    <keyboard-shortcut first-keystroke="alt f7" />
    <keyboard-shortcut first-keystroke="shift f12" />
  </action>
  <action id="Forward">
    <keyboard-shortcut first-keystroke="alt right" />
  </action>
  <action id="GotoAction" />
  <action id="GotoDeclaration">
    <keyboard-shortcut first-keystroke="ctrl b" />
    <keyboard-shortcut first-keystroke="alt n" />
    <keyboard-shortcut first-keystroke="f12" />
  </action>
  <action id="GotoFile">
    <keyboard-shortcut first-keystroke="shift ctrl n" />
    <keyboard-shortcut first-keystroke="ctrl p" />
  </action>
  <action id="HideAllWindows" />
  <action id="JumpToLastWindow">
    <keyboard-shortcut first-keystroke="shift ctrl a" />
  </action>
  <action id="MethodDown" />
  <action id="MethodHierarchy" />
  <action id="MethodUp" />
  <action id="MoveStatementDown">
    <keyboard-shortcut first-keystroke="alt down" />
  </action>
  <action id="MoveStatementUp">
    <keyboard-shortcut first-keystroke="alt up" />
  </action>
  <action id="NextTab" />
  <action id="ParameterInfo" />
  <action id="PreviousTab" />
  <action id="Replace">
    <keyboard-shortcut first-keystroke="ctrl r" />
    <keyboard-shortcut first-keystroke="ctrl h" />
  </action>
  <action id="ReplaceInPath">
    <keyboard-shortcut first-keystroke="shift ctrl r" />
    <keyboard-shortcut first-keystroke="shift ctrl h" />
  </action>
  <action id="RestoreDefaultLayout">
    <keyboard-shortcut first-keystroke="shift alt 1" />
  </action>
  <action id="ShowContent" />
  <action id="ShowUsages">
    <keyboard-shortcut first-keystroke="ctrl alt f7" />
    <keyboard-shortcut first-keystroke="shift ctrl f12" />
  </action>
  <action id="TodoViewGroupByShowPackages" />
  <action id="TypeHierarchy" />
  <action id="TypeHierarchy.BaseOnThisType" />
  <action id="TypeHierarchyBase.BaseOnThisType" />
  <action id="XDebugger.MoveWatchDown" />
  <action id="XDebugger.MoveWatchUp" />
</keymap>